Nama,Tanggal_Lahir,Tinggi_Badan,Username,Password,Role,Saldo,Gold
Hizkia Raditya,7/12/2001,165,hiz_radit,3e8f6cb0bbba3a23460cc6fdbeafd67220dd0256d7debfa19534f3590c89679776cb60d58691cfb7fefcce658cb11ec1748690c76ff526335242b314655fbc7a,Admin,0,0
Kevin Domenico,3/5/2001,170,kevin_domenico,45ab13ce7fb8bdceb026397a8bda3a5e79b6ddbe5ed253503d7ecef6f59522d26d287811587c60a31baad55114dd61884f5556adf75a6189430f79ba46e2f6b4,Admin,0,0
Tanur Rizaldi,5/4/2001,170,tanur_rizal,c7b819a459043c283a1b284d88159c719bbc9edded8c78ab4a62bc95e652356f7358d8bb1cc0143a30e43a2b8fd7f5d41f00626b906204bbda9b411c54e186b6,Admin,0,0
Finna Alivia,26/05/2001,165,finna_alivia,20387916b67ba4df404e7a539f882a0699a91d5b31bcb7ce46612c6cb95bbbdb52155ca7d0b22ada178464c4465f01d15c246414c9307b8fc7e78706b0499e12,Admin,0,0
Nethania Alysia,20/02/2001,163,nee_alysia,7b549a30a1c2ba184de6abdfe644d5f08f1e4b68706894e706d106e107d0e2666c6c9d02f92ce09ba3e01e3f16c41d4bc676fdbaa35658a2d6e6a8428cd33a1c,Pemain,65000,0
Adi Wijaya,1/1/2001,169,adi0891,679b16a654e81b405ac6de1a54b9458cc8686c8954e3a5c32562e0c5221a6ab2e78cc84d03e4e74ac5efe6a0a3b8c850cbc52d117f43d74d69391948a4f86ecf,Pemain,70000,0
Benjamin Franklin,9/2/1965,175,benFrankThePrez,e69ea84784b708796e4c3a2f98055f88a8940c86eab5aa7fd8d31c2bee0a8e717420c645d423c3b52366cb1ddeadf76d227356fbf606cedaa06b9aeaa139512c,Pemain,20000,0
Hector Salamanca,20/04/1955,180,Tio_Hector,6139214ff30e2347075353cd5e40d07804129c2e20df1b2f795c8a5ef7684871dfcfc78ad55135c63bb06dc1c5ff9f138abf2852449e6edbe153873ef213cfe2,Pemain,40000,0
Walter White,25/09/1975,177,Heisenberg,8b9824b4563d58fc5f27c36208abfc6f11526e067220c6ba419da4ea44df925fa9dc038c23a764abc21c6245726675b70d0baf9df647efabe65d575535d0f022,Pemain,50000,0
Jesse Pinkman,17/06/1989,173,ScienceKid08,447cc5d78dda3ce2073d0458415feef1f497d2c20a53eaecd9957cc9b27a3fd256b4dc7a735d781247f5c45043175684096062290e5ef8f2db9edd21762d65ee,Pemain,70000,0
Gustavo Frings,25/03/1970,170,PollosHermanos_Manager,3e32458ed9cb95a9a48e94b984249b009a06b7d1542649ddddebb497c816ae0548692f39ce967a7d0fb5cb9b9dd30a3d5b5bb5e2063ed9ece133096f2b6df884,Pemain,55000,0
Saul Goodman,19/11/1985,175,akaBestLawyer,c6f4690a79b2f9fdd0e520f9f245b67a40f872ce6bf8278ba6dd6b7890e634de5c51c28f01885d8e634ff1fd6be99b4669d2bfb4dc92ba831f3d9795dac2134e,Pemain,45000,0
Willy Wangky,24/02/1988,175,Wangkypro,981859e8a3fc6e416bb21131eebf70bcf51dfc2fbabef106b7f6651185b32c59fb7864288e089fdae9c348e855de978d15d6c7d0a081e9d450db8d0dbf748855,Admin,0,0
Theodore Roosevelt,19/01/1978,178,DaRoosevelt,7efbd807cc60ea7e95af91ab5f0d32c749562f6b700aa49121f85241dcf4f3d073276990a9aa8dd23b93bc946d0f0ea0dc1ab8c49de98c7f1902169df0a7cdfb,Pemain,50000,0
Thor,12/10/1999,190,GodOfThunder,7375f47ef9fa05934fa7cad0ebe1273caa27edb244e39edde8641b83c993e994feff6c578e021cbdf1948e0d1ffb9978f84c7042b23357850ca431f25d92a2f2,Pemain,80000,0
~~~